{"config_name": "long&shrt_binance_adausdt_19days",
    "logging_level": 0,
 "long": {"enabled": true,
    "eprice_exp_base": 1.3892183895697683,
    "eprice_pprice_diff": 0.0027072874957461872,
    "grid_span": 0.014749830608432987,
    "initial_qty_pct": 0.0897646905474484,
    "markup_range": 0.006573028078527619,
    "max_n_entry_orders": 10,
    "min_markup": 0.0046084418972359405,
    "n_close_orders": 6.68360934409838,
    "pbr_limit": 0.2,
    "secondary_pbr_allocation": 0.5,
    "secondary_pprice_diff": 0.423849059376025},
"shrt": {"enabled": true,
    "eprice_exp_base": 1.6822619132652115,
    "eprice_pprice_diff": 0.003140999190303785,
    "grid_span": 0.006296271608708431,
    "initial_qty_pct": 0.07497534257671273,
    "markup_range": 0.0063445737748408755,
    "max_n_entry_orders": 10,
    "min_markup": 0.003632147379356145,
    "n_close_orders": 4.907169480661837,
    "pbr_limit": 0.2,
    "secondary_pbr_allocation": 0.5,
    "secondary_pprice_diff": 0.31239393717529046}
}
